method,mean_rank_50,mean_rank_75,mean_rank_90
BM25,706.8,1990.2,3418.65
Learned ExtraTrees,745.25,1058.2,1574.55
MedCPT,519.55,1195.5,1900.55
MiniLM,320.2,635.25,1223.75
SPECTER,373.7,803.3,1388.6
TAR TF-IDF+LogReg,688.7,829.4,1186.8
TAR-Augmented ExtraTrees,668.35,882.5,1232.75
TF-IDF,516.35,1068.2,1769.15
