method,n_topics,mean_ap,std_ap,mean_relevant_at_100,mean_rank_50,mean_rank_75,mean_rank_90
TAR-Augmented ExtraTrees,20,0.4603172296015142,0.21736855720149423,42.85,668.35,882.5,1232.75
TAR TF-IDF+LogReg,20,0.4600677400316708,0.2187768507091731,43.85,688.7,829.4,1186.8
Learned ExtraTrees,20,0.3234316492089214,0.1869639387251562,32.35,745.25,1058.2,1574.55
MiniLM,20,0.24018698628836513,0.16464659800447634,25.0,320.2,635.25,1223.75
SPECTER,20,0.22832657572997994,0.14701782752738832,24.55,373.7,803.3,1388.6
TF-IDF,20,0.1755592861149916,0.15172947535178868,17.7,516.35,1068.2,1769.15
MedCPT,20,0.15856655937394445,0.1253915937011269,16.35,519.55,1195.5,1900.55
BM25,20,0.144446096782291,0.11463495409845112,16.05,706.8,1990.2,3418.65
